name,quadrant,ring,isNew,description
All who are thirsty,Respond,Adopt,FALSE,
All Hail the Lamb,Encounter,Hold,FALSE,
Amazing Grace,Provoke,Adopt,FALSE,
As the Deer,Respond,Hold,FALSE,
Be Thou My Vision,Respond,Adopt,FALSE,
Hallelujah (Be high and lifted up),Encounter,Adopt,FALSE,
"10,000 Reasons
  (Bless The Lord) - Live",Call to worship,Adopt,,""
Blessed Be Your Name,Call to worship,"","",""
Break Every Chain - Live,Prevoke,"","",""
Cornerstone - Live,"","","",""
Crown Him (Majesty),"","","",""
Come to the River,"","","",""
Consuming Fire,"","","",""
Father God I Wonder,"","","",""
Help Me Find My Own Flame (Live),"","","",""
For the Sake of the World,"","","",""
Forever (Live),"","","",""
God I Look to You (Live),"","","",""
Great In Power,"","","",""
Great Is Thy Faithfulness,"","","",""
Guide Me O Thou Great Jehovah,"","","",""
Here I Am To Worship,"","","",""
Here Is Love,"","","",""
Holy Spirit - Live,"","","",""
How Great Thou Art,"","","",""
How Great Thou Art - Live,"","","",""
Hosanna,"","","",""
Hosanna (Praise Is Rising),"","","",""
How Deep the Father's Love For Us,"","","",""
How Great Is Our God,"","","",""
I Exalt Thee - Live,"","","",""
I Give You All the Honour,"","","",""
I Love You Lord,"","","",""
You're Beautiful,"","","",""
You're Beautiful,"","","",""
How Marvellous - Live,"","","",""
In Christ Alone - Live,"","","",""
"Jesus, Jesus, Holy and Anointed One -
  Live","","","",""
Jesus Be the Center,"","","",""
King of My Heart (Live),"","","",""
"Holy, Holy","","","",""
"Love Divine, All Loves Excelling
  (Blaenwern)","","","",""
Made Me Glad,"","","",""
Majesty,"","","",""
No Longer Slaves (Live),"","","",""
Oceans (Where Feet May Fail),"","","",""
Oh For a Thousand Tongues,"","","",""
"O Praise The Name (An√°stasis) - RADIO
  EDIT","","","",""
One Thing Remains,"","","",""
Our Father,"","","",""
Our God Is an Awesome God (35),"","","",""
Our God,"","","",""
Our God Reigns - Live,"","","",""
Reckless Love - Live,"","","",""
Revelation Song - Live,"","","",""
Set a Fire,"","","",""
Spirit Break Out - Live,"","","",""
Everlasting God - Live,"","","",""
The Lion and the Lamb - Live,"","","",""
This Is Amazing Grace,"","","",""
This Is Our God - Live,"","","",""
This I Believe (The Creed),"","","",""
There Is a Redeemer,"","","",""
To Him Who Sits On The Throne,"","","",""
"Turn Your Eyes Upon Jesus (Live) [feat.
  Kacey Chambers & Bianca Rose]","","","",""
What A Beautiful Name,"","","",""
When I Survey - Live,"","","",""
The Heart Of Worship,"","","",""
Worthy is the Lamb,"","","",""
I Will Exalt (feat. Amanda Cook),"","","",""
You Won't Relent - Live,"","","",""
Your Love Awakens Me (Acoustic) - Live,"","","",""
Your Love Awakens Me,"","","",""
Guardian - Live,"","","",""
Great Are You Lord - Live,"","","",""
Build Your Kingdom Here,"","","",""
Good Good Father,"","","",""
Build My Life,"","","",""
You Are My Vision,"","","",""
Yes and Amen,"","","",""
Tremble - Live,"","","",""
Do It Again,"","","",""
King Of Kings,"","","",""
Goodness of God (Live),"","","",""
Set A Fire - Live,"","","",""
Way Maker - Live,"","","",""
God My Rock - Live,"","","",""
Pray - Live,"","","",""
You Cannot Be Stopped,"","","",""
Saviour King,"","","",""